{"cameraMode":{"drawMode":0,"name":"Shaded","section":"Shading Mode"},"sceneLighting":false,"audioPlay":false,"sceneViewState":{"m_AlwaysRefresh":true,"showFog":false,"showSkybox":false,"showFlares":false,"showImageEffects":false,"showParticleSystems":false,"showVisualEffectGraphs":true,"m_FxEnabled":true},"in2DMode":false,"pivot":{"x":-158.49725341796876,"y":1.2176618576049805,"z":1300.095947265625},"rotation":{"x":0.07440058141946793,"y":-0.9073171019554138,"z":0.18889425694942475,"w":0.36972272396087649},"size":2.6007962226867677,"orthographic":false}