{"cameraMode":{"drawMode":0,"name":"Shaded","section":"Shading Mode"},"sceneLighting":true,"audioPlay":false,"sceneViewState":{"m_AlwaysRefresh":true,"showFog":false,"showSkybox":true,"showFlares":false,"showImageEffects":false,"showParticleSystems":false,"showVisualEffectGraphs":true,"m_FxEnabled":true},"in2DMode":false,"pivot":{"x":-300.3503723144531,"y":4.412560939788818,"z":1161.5277099609375},"rotation":{"x":0.044806480407714847,"y":0.9058598875999451,"z":-0.10672931373119354,"w":0.41069307923316958},"size":4.353494644165039,"orthographic":false}