{"cameraMode":{"drawMode":0,"name":"Shaded","section":"Shading Mode"},"sceneLighting":false,"audioPlay":false,"sceneViewState":{"m_AlwaysRefresh":true,"showFog":false,"showSkybox":false,"showFlares":false,"showImageEffects":false,"showParticleSystems":false,"showVisualEffectGraphs":true,"m_FxEnabled":true},"in2DMode":false,"pivot":{"x":-334.29559326171877,"y":0.17969709634780885,"z":1331.7762451171875},"rotation":{"x":0.11534961313009262,"y":0.730595052242279,"z":-0.12752515077590943,"w":0.6608285903930664},"size":1.8607876300811768,"orthographic":false}