{"cameraMode":{"drawMode":0,"name":"Shaded","section":"Shading Mode"},"sceneLighting":false,"audioPlay":false,"sceneViewState":{"m_AlwaysRefresh":true,"showFog":false,"showSkybox":false,"showFlares":false,"showImageEffects":false,"showParticleSystems":false,"showVisualEffectGraphs":true,"m_FxEnabled":true},"in2DMode":false,"pivot":{"x":-323.45965576171877,"y":0.013508319854736328,"z":1345.4312744140625},"rotation":{"x":0.11534961313009262,"y":0.730595052242279,"z":-0.12752515077590943,"w":0.6608285903930664},"size":1.096610426902771,"orthographic":false}