{"cameraMode":{"drawMode":0,"name":"Shaded","section":"Shading Mode"},"sceneLighting":false,"audioPlay":false,"sceneViewState":{"m_AlwaysRefresh":true,"showFog":false,"showSkybox":false,"showFlares":false,"showImageEffects":false,"showParticleSystems":false,"showVisualEffectGraphs":true,"m_FxEnabled":true},"in2DMode":false,"pivot":{"x":-301.86016845703127,"y":5.918869495391846,"z":1159.3939208984375},"rotation":{"x":0.02812119387090206,"y":0.03582446277141571,"z":0.003287757048383355,"w":-1.000320315361023},"size":4.1435041427612309,"orthographic":false}